date,site,temp_water,temp_air,length,mouth,load,jawtop,jawbottom,tooth,pcr1,pcr2
12/9/2019,brindle,10.6,9.6,16,,1073.333333,,,,3.34,9.83
12/9/2019,brindle,10.6,9.6,13,,1978.2,,,,18.77,11.81
12/9/2019,brindle,10.6,9.6,17,673,1439.666667,5,4,5,2.25,14.3
12/9/2019,brindle,10.6,9.6,14,537,599.2,5,5,4,,4.28
12/9/2019,brindle,10.6,9.6,19,639,0,5,4,4,,
12/9/2019,brindle,10.6,9.6,14,574,374.7333333,5,5,5,6.91,0.56
12/9/2019,brindle,10.6,9.6,14,524,338.8,5,5,4,6.04,0.61
12/9/2019,brindle,10.6,9.6,19,664,32453.86667,5,5,5,651.36,22.04
12/9/2019,brindle,10.6,9.6,15,550,201.6,5,4,4,,1.44
12/9/2019,brindle,10.6,9.6,17,654,820.8666667,5,5,5,15.71,0.94
12/9/2019,brindle,10.6,9.6,14,507,966.4666667,5,4,5,17.07,1.82
12/9/2019,brindle,10.6,9.6,16,530,821.8,5,5,4,5.87,
12/9/2019,brindle,10.6,9.6,18,674,0,5,5,4,,
12/9/2019,brindle,10.6,9.6,19,664,2678.2,5,4,4,44.87,6.26
12/9/2019,brindle,10.6,9.6,11,407,1166.666667,5,5,5,13.52,5.74
12/9/2019,brindle,10.6,9.6,14,569,5469.8,5,5,5,58.77,29.22
12/9/2019,brindle,10.6,9.6,15,493,24990.93333,5,5,5,325.82,104.85
12/9/2019,brindle,10.6,9.6,15,539,843.2666667,5,5,5,9.91,4.08
12/9/2019,brindle,10.6,9.6,10,398,1229.2,5,5,5,8.78,
12/9/2019,brindle,10.6,9.6,14,615,546.4666667,5,5,4,10.47,0.62
12/9/2019,brindle,10.6,9.6,15,628,55848.33333,5,5,5,71.75,562.5
12/9/2019,brindle,10.6,9.6,16,627,9710.866667,5,5,5,53.43,77.33
12/9/2019,brindle,10.6,9.6,14,496,5759.133333,5,4,5,97.79,12.81
12/9/2019,brindle,10.6,9.6,14,469,5891.2,5,5,4,63.04,31.6
12/9/2019,brindle,10.6,9.6,13,554,2233.466667,5,5,5,24.4,11.73
12/9/2019,brindle,10.6,9.6,10,361,3825.266667,5,5,5,43.17,19.4
12/9/2019,brindle,10.6,9.6,12,530,117592.0667,1,2,4,2305.81,107.01
12/9/2019,brindle,10.6,9.6,15,561,8242.733333,5,5,5,77.43,49.6
23/10/2019,brindle,13.4,13.3,18,741,25733.4,5,4,3,294.8,72.82
23/10/2019,brindle,13.4,13.3,14,567,21884.8,5,4,4,187.99,124.65
23/10/2019,brindle,13.4,13.3,7,364,0,0,1,0,,
23/10/2019,brindle,13.4,13.3,8,409,0,0,0,0,,
23/10/2019,brindle,13.4,13.3,8,393,0,0,0,0,,
23/10/2019,brindle,13.4,13.3,8,310,0,0,0,0,,
23/10/2019,brindle,13.4,13.3,7,354,0,0,0,0,,
23/10/2019,brindle,13.4,13.3,13,577,24743.6,5,4,3,276.17,77.31
23/10/2019,brindle,13.4,13.3,7,359,0,0,0,0,,
23/10/2019,brindle,13.4,13.3,7,340,0,0,0,0,,
23/10/2019,brindle,13.4,13.3,7,321,0,0,0,0,,
23/10/2019,brindle,13.4,13.3,8,359,0,0,0,0,,
23/10/2019,brindle,13.4,13.3,8,395,0,0,0,0,,
23/10/2019,brindle,13.4,13.3,8,429,0,0,0,0,,
23/10/2019,brindle,13.4,13.3,8,403,0,0,0,0,,
23/10/2019,brindle,13.4,13.3,7,423,0,0,0,0,,
23/10/2019,brindle,13.4,13.3,8,435,0,0,0,0,,
23/10/2019,brindle,13.4,13.3,7,387,0,0,0,0,,
23/10/2019,brindle,13.4,13.3,7,380,231,0,0,0,1.65,
23/10/2019,brindle,13.4,13.3,8,429,0,0,0,0,,
23/10/2019,brindle,13.4,13.3,7,425,0,0,0,0,,
23/10/2019,brindle,13.4,13.3,7,420,0,0,0,0,,
23/10/2019,brindle,13.4,13.3,7,319,0,0,0,0,,
23/10/2019,brindle,13.4,13.3,6,328,0,0,0,0,,
23/10/2019,brindle,13.4,13.3,9,519,282.8,0,0,0,,2.02
23/10/2019,brindle,13.4,13.3,7,350,0,0,0,0,,
23/10/2019,brindle,13.4,13.3,7,353,0,0,0,0,,
23/10/2019,brindle,13.4,13.3,6,315,0,0,0,0,,
23/10/2019,brindle,13.4,13.3,7,391,0,0,0,0,,
23/10/2019,brindle,13.4,13.3,7,408,0,0,0,0,,
23/10/2019,brindle,13.4,13.3,20,768,23146.9,4,4,2,223.37,107.3
23/10/2019,brindle,13.4,13.3,20,711,1585.5,4,4,3,15.26,7.39
23/10/2019,brindle,13.4,13.3,20,734,1103.2,4,3,4,6.45,9.31
23/10/2019,brindle,13.4,13.3,20,812,36463,5,4,4,311.42,209.48
23/10/2019,brindle,13.4,13.3,20,714,5710.6,4,3,2,53.06,28.52
23/10/2019,brindle,13.4,13.3,19,716,7336.7,4,4,2,74.92,29.89
23/10/2019,brindle,13.4,13.3,20,820,77460.6,4,4,2,728.85,377.73
23/10/2019,brindle,13.4,13.3,18,716,6937,5,4,2,61.7,37.4
23/10/2019,brindle,13.4,13.3,15,680,27675.2,4,3,2,222.85,172.51
23/10/2019,brindle,13.4,13.3,17,684,209017.9,4,3,2,2353.29,632.68
23/10/2019,brindle,13.4,13.3,19,757,13232.1,3,1,0,111.11,77.92
9/12/2019,brindle,16.6,17.5,17,699,0,0,0,0,,
9/12/2019,brindle,16.6,17.5,9,447,0,0,0,0,,
9/12/2019,brindle,16.6,17.5,7,298,0,0,0,0,,
9/12/2019,brindle,16.6,17.5,11,496,0,0,0,0,,
9/12/2019,brindle,16.6,17.5,11,565,0,0,0,0,,
9/12/2019,brindle,16.6,17.5,14,624,0,0,0,0,,
9/12/2019,brindle,16.6,17.5,12,526,0,0,0,0,,
9/12/2019,brindle,16.6,17.5,11,460,0,0,0,0,,
9/12/2019,brindle,16.6,17.5,11,481,0,0,0,0,,
9/12/2019,brindle,16.6,17.5,12,545,0,0,0,0,,
9/12/2019,brindle,16.6,17.5,12,482,0,0,0,0,,
9/12/2019,brindle,16.6,17.5,11,439,0,0,0,0,,
9/12/2019,brindle,16.6,17.5,13,574,0,0,0,0,,
9/12/2019,brindle,16.6,17.5,12,470,0,0,0,0,,
9/12/2019,brindle,16.6,17.5,12,565,0,0,0,0,,
9/12/2019,brindle,16.6,17.5,14,658,0,0,0,0,,
9/12/2019,brindle,16.6,17.5,14,584,0,0,0,0,,
9/12/2019,brindle,16.6,17.5,12,552,0,0,0,0,,
9/12/2019,brindle,16.6,17.5,14,588,0,0,0,0,,
9/12/2019,brindle,16.6,17.5,13,624,0,0,0,0,,
9/12/2019,brindle,16.6,17.5,12,560,0,0,0,0,,
9/12/2019,brindle,16.6,17.5,15,600,0,0,0,0,,
9/12/2019,brindle,16.6,17.5,14,652,0,0,0,0,,
9/12/2019,brindle,16.6,17.5,11,526,0,0,0,0,,
9/12/2019,brindle,16.6,17.5,14,592,0,0,0,0,,
9/12/2019,brindle,16.6,17.5,13,576,0,0,0,0,,
9/12/2019,brindle,16.6,17.5,13,591,0,0,0,0,,
9/12/2019,brindle,16.6,17.5,13,507,0,0,0,0,,
9/12/2019,brindle,16.6,17.5,15,584,0,0,0,0,,
9/12/2019,brindle,16.6,17.5,10,476,0,0,0,0,,
9/12/2019,brindle,16.6,17.5,11,505,0,0,0,0,,
9/12/2019,brindle,16.6,17.5,12,496,0,0,0,0,,
9/12/2019,brindle,16.6,17.5,13,507,39083.33333,1,1,2,180.06,328.72
9/12/2019,brindle,16.6,17.5,11,503,0,0,0,0,,
9/12/2019,brindle,16.6,17.5,13,513,0,0,0,0,,
9/12/2019,brindle,16.6,17.5,15,586,0,0,0,0,,
9/12/2019,brindle,16.6,17.5,15,569,0,0,0,0,,
9/12/2019,brindle,16.6,17.5,11,518,0,0,0,0,,
9/12/2019,brindle,16.6,17.5,12,563,0,0,0,0,,
9/12/2019,brindle,16.6,17.5,16,602,0,0,0,0,,
21/1/2020,brindle,18.7,19.6,20,657,0,0,0,0,,
21/1/2020,brindle,18.7,19.6,9,392,0,0,0,0,,
21/1/2020,brindle,18.7,19.6,19,651,0,0,0,0,,
21/1/2020,brindle,18.7,19.6,9,487,0,0,0,0,,
21/1/2020,brindle,18.7,19.6,14,538,0,0,0,0,,
21/1/2020,brindle,18.7,19.6,15,623,0,0,0,0,,
21/1/2020,brindle,18.7,19.6,7,386,0,0,0,0,,
21/1/2020,brindle,18.7,19.6,14,587,0,0,0,0,,
21/1/2020,brindle,18.7,19.6,11,589,0,0,0,0,,
21/1/2020,brindle,18.7,19.6,15,497,0,0,0,0,,
21/1/2020,brindle,18.7,19.6,14,575,31075.8,0,0,0,221.97,233.74
21/1/2020,brindle,18.7,19.6,18,680,0,0,0,0,,
21/1/2020,brindle,18.7,19.6,16,639,317926,4,3,0,2270.9,637.31
21/1/2020,brindle,18.7,19.6,14,637,0,0,0,0,,
21/1/2020,brindle,18.7,19.6,14,482,614.6,0,0,0,4.39,5.12
21/1/2020,brindle,18.7,19.6,15,670,0,0,0,0,,
21/1/2020,brindle,18.7,19.6,7,330,0,3,3,0,,
21/1/2020,brindle,18.7,19.6,8,366,0,0,1,0,,
21/1/2020,brindle,18.7,19.6,11,553,107.8,0,0,0,0.77,
21/1/2020,brindle,18.7,19.6,9,439,0,0,0,0,,
21/1/2020,brindle,18.7,19.6,19,641,0,0,1,1,,
21/1/2020,brindle,18.7,19.6,18,631,0,0,0,0,,
21/1/2020,brindle,18.7,19.6,19,616,4541.6,0,0,0,32.44,29.79
21/1/2020,brindle,18.7,19.6,18,665,72296,0,0,0,516.4,209.33
21/1/2020,brindle,18.7,19.6,12,506,0,0,0,0,,
21/1/2020,brindle,18.7,19.6,15,574,0,0,0,0,,
21/1/2020,brindle,18.7,19.6,10,484,0,0,0,0,,
21/1/2020,brindle,18.7,19.6,14,575,662.2,0,0,0,4.73,
21/1/2020,brindle,18.7,19.6,10,599,0,0,0,0,,1.07
21/1/2020,brindle,18.7,19.6,16,573,0,0,0,0,,
21/1/2020,brindle,18.7,19.6,17,677,0,0,0,0,,
21/1/2020,brindle,18.7,19.6,15,,0,0,0,0,,
21/1/2020,brindle,18.7,19.6,12,611,0,3,3,0,,
21/1/2020,brindle,18.7,19.6,13,581,202172.6,3,2,0,1444.09,565.96
21/1/2020,brindle,18.7,19.6,9,478,0,0,0,0,,
21/1/2020,brindle,18.7,19.6,15,669,0,0,0,0,,
21/1/2020,brindle,18.7,19.6,10,480,0,0,0,0,,
21/1/2020,brindle,18.7,19.6,9,485,0,0,0,0,,
21/1/2020,brindle,18.7,19.6,15,676,0,0,0,0,,
21/1/2020,brindle,18.7,19.6,12,515,0,0,0,0,,
27/2/2020,brindle,19.1,19.8,8,442,0,0,0,0,,
27/2/2020,brindle,19.1,19.8,14,568,0,5,5,5,,
27/2/2020,brindle,19.1,19.8,13,532,845.6,0,0,0,9.87,2.21
27/2/2020,brindle,19.1,19.8,13,498,12968.2,1,2,2,79.26,106
27/2/2020,brindle,19.1,19.8,7,307,0,0,1,0,,
27/2/2020,brindle,19.1,19.8,13,525,0,0,0,0,,
27/2/2020,brindle,19.1,19.8,9,394,0,0,0,0,,
27/2/2020,brindle,19.1,19.8,8,353,0,0,0,0,,
27/2/2020,brindle,19.1,19.8,8,414,0,0,0,0,,
27/2/2020,brindle,19.1,19.8,20,600,1502.2,4,5,4,6.62,14.84
27/2/2020,brindle,19.1,19.8,18,,4480.7,,,,11.8,52.21
27/2/2020,brindle,19.1,19.8,16,732,21572.6,1,2,4,115.28,192.9
27/2/2020,brindle,19.1,19.8,15,563,0,0,0,0,,
27/2/2020,brindle,19.1,19.8,17,674,41381.9,4,3,2,194.07,397.1
27/2/2020,brindle,19.1,19.8,16,648,34360.9,0,1,2,300.68,190.19
27/2/2020,brindle,19.1,19.8,9,527,0,0,0,0,,
27/2/2020,brindle,19.1,19.8,15,604,0,0,0,0,,
27/2/2020,brindle,19.1,19.8,18,715,17265.5,0,2,2,115.16,131.49
27/2/2020,brindle,19.1,19.8,13,573,0,0,0,0,,
27/2/2020,brindle,19.1,19.8,14,647,0,0,0,0,,
27/2/2020,brindle,19.1,19.8,8,389,0,0,0,0,,
27/2/2020,brindle,19.1,19.8,11,474,0,0,0,0,,
27/2/2020,brindle,19.1,19.8,11,531,154438.9,0,1,1,987.37,1218.9
27/2/2020,brindle,19.1,19.8,7,356,0,0,0,0,,
27/2/2020,brindle,19.1,19.8,10,427,0,0,0,0,,
27/2/2020,brindle,19.1,19.8,12,577,0,0,0,0,,
27/2/2020,brindle,19.1,19.8,8,424,0,0,0,0,,
27/2/2020,brindle,19.1,19.8,8,424,0,0,0,0,,
27/2/2020,brindle,19.1,19.8,7,424,0,0,0,0,,
27/2/2020,brindle,19.1,19.8,12,524,301.7,0,0,0,1.42,2.89
27/2/2020,brindle,19.1,19.8,12,533,8941.1,0,1,0,68.23,59.5
27/2/2020,brindle,19.1,19.8,9,475,0,0,0,0,,
27/2/2020,brindle,19.1,19.8,13,450,0,0,0,0,,
27/2/2020,brindle,19.1,19.8,8,398,0,0,0,0,,
27/2/2020,brindle,19.1,19.8,8,373,0,0,0,0,,
9/4/2020,brindle,16.3,16.5,14,581,46649.4,4,4,2,376.87,289.55
9/4/2020,brindle,16.3,16.5,,496,0,0,0,0,,
9/4/2020,brindle,16.3,16.5,,513,27246.8,5,4,5,277.82,111.42
9/4/2020,brindle,16.3,16.5,,555,25918.9,3,3,2,177.53,192.74
9/4/2020,brindle,16.3,16.5,10,462,0,0,0,0,,
9/4/2020,brindle,16.3,16.5,,488,0,0,0,0,,
9/4/2020,brindle,16.3,16.5,,511,187866.7,4,4,5,"2,420.75",263.06
9/4/2020,brindle,16.3,16.5,,286,0,0,0,0,,
9/4/2020,brindle,16.3,16.5,,323,0,0,0,0,,
9/4/2020,brindle,16.3,16.5,7,348,0,0,0,0,,
9/4/2020,brindle,16.3,16.5,14,518,9482.2,4,3,3,67.32,68.14
9/4/2020,brindle,16.3,16.5,6,327,0,0,0,0,,
9/4/2020,brindle,16.3,16.5,,478,91485.8,4,3,2,785.55,521.39
9/4/2020,brindle,16.3,16.5,,488,29192.8,4,3,3,293.9,123.14
9/4/2020,brindle,16.3,16.5,,378,0,0,0,0,,
9/4/2020,brindle,16.3,16.5,,381,0,0,0,0,,
9/4/2020,brindle,16.3,16.5,,414,26795.3,5,4,2,324.11,58.68
9/4/2020,brindle,16.3,16.5,10,444,0,0,0,0,,
9/4/2020,brindle,16.3,16.5,,377,0,0,0,0,,
9/4/2020,brindle,16.3,16.5,,414,173.6,0,0,0,,1.24
9/4/2020,brindle,16.3,16.5,,647,212614.5,4,3,1,"1,977.21",1060.14
9/4/2020,brindle,16.3,16.5,,599,517790.7,4,4,4,"6,629.13",767.88
9/4/2020,brindle,16.3,16.5,,423,0,0,0,0,,
9/4/2020,brindle,16.3,16.5,,539,0,0,0,0,,
9/4/2020,brindle,16.3,16.5,,411,0,0,0,0,,
9/4/2020,brindle,16.3,16.5,,599,16300.2,0,0,0,87.6,145.26
9/4/2020,brindle,16.3,16.5,,456,0,0,0,0,,
9/4/2020,brindle,16.3,16.5,,401,0,0,0,0,,
9/4/2020,brindle,16.3,16.5,,447,0,0,0,0,,
9/4/2020,brindle,16.3,16.5,,616,0,0,0,0,,
9/4/2020,brindle,16.3,16.5,,440,0,0,0,0,,
9/4/2020,brindle,16.3,16.5,,706,34993.7,0,0,0,293.24,206.67
9/4/2020,brindle,16.3,16.5,,503,0,0,0,0,,
9/4/2020,brindle,16.3,16.5,,478,0,0,0,0,,
9/4/2020,brindle,16.3,16.5,,388,0,0,0,0,,
9/4/2020,brindle,16.3,16.5,,514,137158.7,4,3,4,"1,049.86",909.55
9/4/2020,brindle,16.3,16.5,,622,914.9,0,0,0,4.87,8.2
9/4/2020,brindle,16.3,16.5,,488,0,0,0,0,,
27/5/2020,brindle,13,12.2,,442,1523.2,5,5,4,11.57,10.19
27/5/2020,brindle,13,12.2,,536,53865.7,5,4,5,517.32,252.19
27/5/2020,brindle,13,12.2,,587,43989.4,5,4,5,443.17,185.25
27/5/2020,brindle,13,12.2,,462,0,0,0,0,,
27/5/2020,brindle,13,12.2,,497,6162.1,3,3,4,81.11,6.92
27/5/2020,brindle,13,12.2,,549,0,0,0,0,,
27/5/2020,brindle,13,12.2,,439,10225.6,1,3,4,107.59,38.49
27/5/2020,brindle,13,12.2,,519,84655.9,5,4,5,1014.22,195.15
27/5/2020,brindle,13,12.2,,468,0,0,0,0,,
27/5/2020,brindle,13,12.2,,430,22213.8,5,5,5,158.67,
27/5/2020,brindle,13,12.2,,424,4439.4,1,2,2,56.28,7.14
27/5/2020,brindle,13,12.2,,494,30949.8,5,4,5,396.07,46.07
27/5/2020,brindle,13,12.2,,461,501.2,0,0,0,3.58,
27/5/2020,brindle,13,12.2,,528,7931,5,5,5,56.65,
27/5/2020,brindle,13,12.2,,420,0,0,0,0,,
27/5/2020,brindle,13,12.2,,532,58387,5,5,5,726.02,108.08
27/5/2020,brindle,13,12.2,,428,0,0,0,0,,
27/5/2020,brindle,13,12.2,,530,63371,5,4,5,743.71,161.59
27/5/2020,brindle,13,12.2,,540,7833.7,5,5,5,82.01,29.9
27/5/2020,brindle,13,12.2,,539,5803.7,5,5,5,75.58,7.33
27/5/2020,brindle,13,12.2,,500,830.2,1,3,3,8.93,2.93
27/5/2020,brindle,13,12.2,,639,24388,5,5,5,191.1,157.3
27/5/2020,brindle,13,12.2,,379,669.2,0,0,0,,4.78
27/5/2020,brindle,13,12.2,,443,889,0,0,0,6.35,
27/5/2020,brindle,13,12.2,,449,0,0,0,0,,
27/5/2020,brindle,13,12.2,,340,0,1,1,3,,
27/5/2020,brindle,13,12.2,,513,0,0,0,0,,
27/5/2020,brindle,13,12.2,,406,0,0,0,0,,
27/5/2020,brindle,13,12.2,,426,14457.8,2,3,4,185.77,20.77
27/5/2020,brindle,13,12.2,,566,12446.7,5,5,5,133.57,44.24
27/5/2020,brindle,13,12.2,,392,752.5,0,0,0,3.67,7.08
27/5/2020,brindle,13,12.2,,465,1400.7,0,0,0,7.9,12.11
27/5/2020,brindle,13,12.2,,371,0,0,0,2,,
27/5/2020,brindle,13,12.2,,456,0,0,0,0,,
27/5/2020,brindle,13,12.2,,439,25337.9,4,3,4,281.88,80.09
27/5/2020,brindle,13,12.2,,492,0,0,0,0,,
27/5/2020,brindle,13,12.2,,447,1449,0,0,1,10.35,
27/5/2020,brindle,13,12.2,,390,0,0,0,0,,
27/5/2020,brindle,13,12.2,,610,12567.1,0,0,2,143.95,35.58
27/5/2020,brindle,13,12.2,,575,33077.1,5,4,5,354.83,117.7
1/7/2020,brindle,11.1,9.7,,649,8638,5,4,5,71.69,51.71
1/7/2020,brindle,11.1,9.7,,602,8265.6,5,4,5,92.5,25.58
1/7/2020,brindle,11.1,9.7,,544,60138.4,5,5,5,539.9,319.22
1/7/2020,brindle,11.1,9.7,,543,9977.1,5,5,5,72.94,69.59
1/7/2020,brindle,11.1,9.7,,553,3801.7,5,5,5,15.9,38.41
1/7/2020,brindle,11.1,9.7,,552,56459.2,5,5,5,402.99,403.57
1/7/2020,brindle,11.1,9.7,,515,20227.9,5,5,5,145.56,143.41
1/7/2020,brindle,11.1,9.7,,439,2986.2,5,5,5,11.42,31.24
1/7/2020,brindle,11.1,9.7,,430,2622.9,5,5,5,15.92,21.55
1/7/2020,brindle,11.1,9.7,,457,10269.7,5,5,5,89.39,57.32
1/7/2020,brindle,11.1,9.7,,509,5735.1,5,4,5,46.94,34.99
1/7/2020,brindle,11.1,9.7,,445,19447.4,5,5,5,249.47,28.35
1/7/2020,brindle,11.1,9.7,,528,1606.5,5,5,5,7.31,15.64
1/7/2020,brindle,11.1,9.7,,472,31944.5,5,5,5,415.41,40.94
1/7/2020,brindle,11.1,9.7,,376,2145.5,4,5,4,8.27,22.38
1/7/2020,brindle,11.1,9.7,,494,4116.7,5,5,5,32.17,26.64
1/7/2020,brindle,11.1,9.7,,487,76339.9,5,5,5,679,411.57
1/7/2020,brindle,11.1,9.7,,357,2634.8,5,4,5,25.22,12.42
1/7/2020,brindle,11.1,9.7,,604,7864.5,5,5,5,54.16,58.19
1/7/2020,brindle,11.1,9.7,,560,34188.7,5,5,5,221.29,267.12
1/7/2020,brindle,11.1,9.7,,598,5564.3,1,4,5,37.03,42.46
1/7/2020,brindle,11.1,9.7,,576,1638,5,5,5,6.28,17.12
1/7/2020,brindle,11.1,9.7,,522,3791.2,5,5,5,26.4,27.76
1/7/2020,brindle,11.1,9.7,,500,3939.6,5,5,5,19.88,36.4
1/7/2020,brindle,11.1,9.7,,416,3745.7,5,5,5,29.87,23.64
1/7/2020,brindle,11.1,9.7,,467,0,0,0,0,,
1/7/2020,brindle,11.1,9.7,,546,2394.7,5,4,5,7.53,26.68
1/7/2020,brindle,11.1,9.7,,532,5722.5,5,5,5,34.41,47.34
1/7/2020,brindle,11.1,9.7,,520,17457.3,4,5,5,115.97,133.42
1/7/2020,brindle,11.1,9.7,,442,1472.1,4,4,5,7.49,13.54
1/7/2020,brindle,11.1,9.7,,441,0,0,0,0,,
1/7/2020,brindle,11.1,9.7,,501,93.8,0,1,0,0.67,
1/7/2020,brindle,11.1,9.7,,373,0,0,0,0,,
1/7/2020,brindle,11.1,9.7,,421,1105.3,0,3,2,7.18,8.61
14/8/2020,brindle,10,8.6,,662,23190,5,5,5,115.95,23190
14/8/2020,brindle,10,8.6,,528,2490,5,5,5,12.45,2490
14/8/2020,brindle,10,8.6,,577,5430,5,5,5,27.15,5430
14/8/2020,brindle,10,8.6,,603,12776,5,5,5,63.88,12776
14/8/2020,brindle,10,8.6,,506,46608,5,5,5,233.04,46608
14/8/2020,brindle,10,8.6,,523,26648,5,5,5,133.24,26648
14/8/2020,brindle,10,8.6,,466,3856,5,5,5,19.28,3856
14/8/2020,brindle,10,8.6,,540,3668,5,5,5,18.34,3668
14/8/2020,brindle,10,8.6,,536,444,5,5,5,2.22,444
14/8/2020,brindle,10,8.6,,470,7682,5,5,5,38.41,7682
14/8/2020,brindle,10,8.6,,449,864,5,5,5,4.32,864
14/8/2020,brindle,10,8.6,,429,0,5,5,5,,
14/8/2020,brindle,10,8.6,,580,25402,5,5,5,127.01,25402
14/8/2020,brindle,10,8.6,,619,5726,5,5,5,28.63,5726
14/8/2020,brindle,10,8.6,,429,17474,5,5,5,87.37,17474
14/8/2020,brindle,10,8.6,,602,1378,5,5,4,6.89,1378
14/8/2020,brindle,10,8.6,,651,16956,5,5,5,84.78,16956
14/8/2020,brindle,10,8.6,,652,12776,5,5,5,63.88,12776
14/8/2020,brindle,10,8.6,,490,48904,5,4,5,244.52,48904
14/8/2020,brindle,10,8.6,,527,20308,5,5,5,101.54,20308
14/8/2020,brindle,10,8.6,,423,11216,5,5,5,56.08,11216
14/8/2020,brindle,10,8.6,,492,103396,5,5,5,516.98,103396
14/8/2020,brindle,10,8.6,,383,10160,5,5,5,50.8,10160
14/8/2020,brindle,10,8.6,,436,936,0,0,0,4.68,936
14/8/2020,brindle,10,8.6,,443,5346,5,5,5,26.73,5346
25/9/2020,brindle,11.5,10.8,,687,115079,5,4,4,309.63,841.16
25/9/2020,brindle,11.5,10.8,,754,3929,5,4,5,14.27,25.02
25/9/2020,brindle,11.5,10.8,,823,110510,5,5,3,236.26,868.84
25/9/2020,brindle,11.5,10.8,,709,20903,5,3,4,79.75,129.28
25/9/2020,brindle,11.5,10.8,,712,7929,5,4,5,47.47,31.82
25/9/2020,brindle,11.5,10.8,,870,194798,4,4,2,"1,119.67",828.31
25/9/2020,brindle,11.5,10.8,,731,8907,5,4,4,30.52,58.55
25/9/2020,brindle,11.5,10.8,,802,58818,5,4,3,270.52,317.66
25/9/2020,brindle,11.5,10.8,,634,46600,5,4,5,229.18,236.82
25/9/2020,brindle,11.5,10.8,,590,46893,4,3,3,159.44,309.49
25/9/2020,brindle,11.5,10.8,,745,37044,4,4,3,112.54,257.9
25/9/2020,brindle,11.5,10.8,,811,60740,5,4,4,259.69,347.71
25/9/2020,brindle,11.5,10.8,,814,22409,5,5,3,109.31,114.78
25/9/2020,brindle,11.5,10.8,,635,32582,5,5,4,149.13,176.69
25/9/2020,brindle,11.5,10.8,,659,172041,5,4,4,986.34,734.07
25/9/2020,brindle,11.5,10.8,,721,75846,5,4,3,386.61,371.85
25/9/2020,brindle,11.5,10.8,,518,87160,5,5,5,215.89,655.71
25/9/2020,brindle,11.5,10.8,,594,275879,4,4,4,539.29,2219.5
25/9/2020,brindle,11.5,10.8,,482,38865,5,5,4,71.61,317.04
25/9/2020,brindle,11.5,10.8,,565,28889,5,5,5,100.38,188.51
25/9/2020,brindle,11.5,10.8,,615,23025,4,4,4,111.32,118.93
25/9/2020,brindle,11.5,10.8,,622,6392,5,4,4,16.25,47.67
25/9/2020,brindle,11.5,10.8,,593,39668,5,4,4,306.82,89.86
5/11/2020,brindle,14,13.7,,653,20454,4,4,4,190.4,101.8
5/11/2020,brindle,14,13.7,,707,23758,5,4,4,119.45,219.95
5/11/2020,brindle,14,13.7,,484,0,0,0,0,,
5/11/2020,brindle,14,13.7,,559,0,0,0,0,,
5/11/2020,brindle,14,13.7,,545,0,0,0,0,,
5/11/2020,brindle,14,13.7,,410,0,0,0,0,,
5/11/2020,brindle,14,13.7,,635,0,0,0,0,,
5/11/2020,brindle,14,13.7,,462,0,0,0,0,,
5/11/2020,brindle,14,13.7,,492,0,0,0,0,,
5/11/2020,brindle,14,13.7,,486,0,0,0,0,,
5/11/2020,brindle,14,13.7,,484,0,0,0,0,,
5/11/2020,brindle,14,13.7,,571,0,0,0,0,,
5/11/2020,brindle,14,13.7,,433,0,0,0,0,,
5/11/2020,brindle,14,13.7,,438,0,0,0,0,,
5/11/2020,brindle,14,13.7,,457,0,0,0,0,,
5/11/2020,brindle,14,13.7,,484,0,0,0,0,,
5/11/2020,brindle,14,13.7,,416,0,0,0,0,,
5/11/2020,brindle,14,13.7,,453,0,0,0,0,,
5/11/2020,brindle,14,13.7,,427,0,0,0,0,,
5/11/2020,brindle,14,13.7,,458,0,0,0,0,,
5/11/2020,brindle,14,13.7,,702,5957.7,5,4,4,39.14,45.97
5/11/2020,brindle,14,13.7,,585,0,0,0,0,,
5/11/2020,brindle,14,13.7,,543,0,0,0,0,,
5/11/2020,brindle,14,13.7,,424,0,0,0,0,,
5/11/2020,brindle,14,13.7,,460,0,0,0,0,,
5/11/2020,brindle,14,13.7,,496,0,0,0,0,,
5/11/2020,brindle,14,13.7,,465,0,0,0,0,,
5/11/2020,brindle,14,13.7,,488,0,0,0,0,,
5/11/2020,brindle,14,13.7,,456,0,0,0,0,,
5/11/2020,brindle,14,13.7,,506,0,0,0,0,,
5/11/2020,brindle,14,13.7,,417,0,0,0,0,,
5/11/2020,brindle,14,13.7,,460,0,0,0,0,,
5/11/2020,brindle,14,13.7,,474,0,0,0,0,,
5/11/2020,brindle,14,13.7,,504,0,0,0,0,,
5/11/2020,brindle,14,13.7,,453,0,0,0,0,,
5/11/2020,brindle,14,13.7,,370,0,0,0,0,,
5/11/2020,brindle,14,13.7,,481,0,0,0,0,,
5/11/2020,brindle,14,13.7,,496,0,0,0,0,,
5/11/2020,brindle,14,13.7,,417,0,0,0,0,,
5/11/2020,brindle,14,13.7,,439,0,0,0,0,,
29/1/2021,brindle,17.4,17.8,,475,0,0,0,0,,
29/1/2021,brindle,17.4,17.8,,638,2059.4,0,0,0,16.31,13.11
29/1/2021,brindle,17.4,17.8,,665,0,0,0,0,,
29/1/2021,brindle,17.4,17.8,,404,0,0,0,0,,
29/1/2021,brindle,17.4,17.8,,612,56644.7,4,3,2,445.26,363.95
29/1/2021,brindle,17.4,17.8,,647,0,0,0,0,,
29/1/2021,brindle,17.4,17.8,,542,0,0,0,0,,
29/1/2021,brindle,17.4,17.8,,599,69232.1,4,4,4,627.1,361.93
29/1/2021,brindle,17.4,17.8,,404,0,0,0,0,,
29/1/2021,brindle,17.4,17.8,,463,0,0,0,0,,
29/1/2021,brindle,17.4,17.8,,410,0,0,0,0,,
29/1/2021,brindle,17.4,17.8,,598,0,0,0,0,,
29/1/2021,brindle,17.4,17.8,,613,179.2,0,0,0,,1.28
29/1/2021,brindle,17.4,17.8,,399,0,0,0,0,,
29/1/2021,brindle,17.4,17.8,,402,0,0,0,0,,
29/1/2021,brindle,17.4,17.8,,541,0,0,0,0,,
29/1/2021,brindle,17.4,17.8,,416,0,0,0,0,,
29/1/2021,brindle,17.4,17.8,,422,0,0,0,0,,
29/1/2021,brindle,17.4,17.8,,420,0,0,0,0,,
29/1/2021,brindle,17.4,17.8,,402,0,0,0,0,,
29/1/2021,brindle,17.4,17.8,,799,17553.9,0,0,2,142,108.77
29/1/2021,brindle,17.4,17.8,,750,9770.6,0,0,0,76.53,63.05
29/1/2021,brindle,17.4,17.8,,713,0,0,0,0,,
29/1/2021,brindle,17.4,17.8,,792,0,0,0,0,,
29/1/2021,brindle,17.4,17.8,,712,0,0,0,0,,
29/1/2021,brindle,17.4,17.8,,654,0,0,0,0,,
29/1/2021,brindle,17.4,17.8,,641,0,0,0,0,,
29/1/2021,brindle,17.4,17.8,,646,5649.7,0,0,0,28.47,52.24
29/1/2021,brindle,17.4,17.8,,667,452.2,0,0,0,,3.23
29/1/2021,brindle,17.4,17.8,,576,0,0,0,0,,
29/1/2021,brindle,17.4,17.8,,696,0,0,0,0,,
29/1/2021,brindle,17.4,17.8,,687,0,0,0,0,,
29/1/2021,brindle,17.4,17.8,,748,52291.4,0,0,0,301.12,445.9
29/1/2021,brindle,17.4,17.8,,711,8572.2,0,0,0,62.81,59.65
29/1/2021,brindle,17.4,17.8,,680,0,0,0,0,,
29/1/2021,brindle,17.4,17.8,,595,0,0,0,0,,
29/1/2021,brindle,17.4,17.8,,655,0,0,0,0,,
29/1/2021,brindle,17.4,17.8,,655,75387.9,1,2,3,588.59,488.38
29/1/2021,brindle,17.4,17.8,,592,0,0,0,0,,
29/1/2021,brindle,17.4,17.8,,627,0,0,0,0,,
16/9/2019,tuntable,,12.4,23,843,3983.7,4,4,2,40.1,16.81
16/9/2019,tuntable,,12.4,23,825,6293.7,4,4,4,43.55,46.36
16/9/2019,tuntable,,12.4,19,746,1345.4,4,4,0,13.29,5.93
16/9/2019,tuntable,,12.4,16,725,8403.5,4,2,5,92.45,27.6
16/9/2019,tuntable,,12.4,22,800,37695.7,5,4,5,359.97,178.54
16/9/2019,tuntable,,12.4,19,716,23135.7,5,4,5,280.97,49.54
16/9/2019,tuntable,,12.4,23,784,13797,5,5,5,144.32,52.78
16/9/2019,tuntable,,12.4,16,724,10761.8,5,4,5,69.01,84.73
16/9/2019,tuntable,,12.4,15,630,1860.6,5,4,4,18.44,8.14
16/9/2019,tuntable,,12.4,14,566,58.8,0,0,0,0.42,
16/9/2019,tuntable,,12.4,16,680,7454.3,5,4,5,98.08,8.41
16/9/2019,tuntable,,12.4,18,745,64924.3,5,3,3,756.84,170.65
16/9/2019,tuntable,,12.4,11,451,330.4,0,0,0,,2.36
16/9/2019,tuntable,,12.4,10,527,722.4,5,4,5,8,2.32
16/9/2019,tuntable,,12.4,6,345,306.6,0,0,0,,2.19
16/9/2019,tuntable,,12.4,20,714,10619,5,4,5,104.35,47.35
16/9/2019,tuntable,,12.4,14,620,0,0,0,0,,
16/9/2019,tuntable,,12.4,7,358,0,0,0,0,,
16/9/2019,tuntable,,12.4,7,309,0,0,0,0,,
16/9/2019,tuntable,,12.4,12,479,0,0,0,0,,
27/10/2019,tuntable,,16.2,23,914,5516.7,4,2,0,49.44,29.37
27/10/2019,tuntable,,16.2,23,947,1127.7,5,1,0,10.53,5.58
27/10/2019,tuntable,,16.2,20,843,43341.9,5,4,3,439.79,179.38
27/10/2019,tuntable,,16.2,21,918,15357.3,0,0,0,135.2,84.19
27/10/2019,tuntable,,16.2,23,865,3344.6,5,2,0,15.99,31.79
27/10/2019,tuntable,,16.2,19,909,75825.4,4,1,0,559.93,523.29
27/10/2019,tuntable,,16.2,19,848,26227.6,4,4,4,147.8,226.88
27/10/2019,tuntable,,16.2,22,855,106921.5,5,2,2,445.83,1081.62
27/10/2019,tuntable,,16.2,18,758,27393.8,4,1,0,312.55,78.79
27/10/2019,tuntable,,16.2,18,766,765.1,5,1,3,9.56,1.37
27/10/2019,tuntable,,16.2,18,688,4711.7,5,2,3,44.28,23.03
27/10/2019,tuntable,,16.2,14,682,0,0,0,0,,
27/10/2019,tuntable,,16.2,10,451,0,0,0,0,,
27/10/2019,tuntable,,16.2,9,404,0,0,0,0,,
27/10/2019,tuntable,,16.2,8,425,0,0,0,0,,
27/10/2019,tuntable,,16.2,8,453,0,0,0,0,,
27/10/2019,tuntable,,16.2,9,467,0,0,0,0,,
27/10/2019,tuntable,,16.2,14,622,0,0,0,0,,
27/10/2019,tuntable,,16.2,13,593,38838.1,4,2,2,328.12,226.71
27/10/2019,tuntable,,16.2,8,486,0,0,0,0,,
27/10/2019,tuntable,,16.2,10,463,114.8,0,0,0,0.55,1.09
27/10/2019,tuntable,,16.2,10,470,0,0,0,0,,
27/10/2019,tuntable,,16.2,10,489,0,0,0,0,,
27/10/2019,tuntable,,16.2,9,473,0,0,0,0,,
27/10/2019,tuntable,,16.2,8,367,0,0,0,0,,
27/10/2019,tuntable,,16.2,11,517,0,0,0,0,,
27/10/2019,tuntable,,16.2,8,482,0,0,0,0,,
27/10/2019,tuntable,,16.2,12,477,0,0,0,0,,
27/10/2019,tuntable,,16.2,14,526,8458.1,5,0,2,63.39,57.44
27/10/2019,tuntable,,16.2,9,423,0,0,0,0,,
27/10/2019,tuntable,,16.2,10,544,0,0,0,0,,
27/10/2019,tuntable,,16.2,10,507,0,0,0,0,,
27/10/2019,tuntable,,16.2,11,547,0,0,0,0,,
27/10/2019,tuntable,,16.2,8,482,0,0,0,0,,
27/10/2019,tuntable,,16.2,10,487,0,0,0,0,,
27/10/2019,tuntable,,16.2,10,459,0,0,0,0,,
27/10/2019,tuntable,,16.2,8,407,0,0,0,0,,
27/10/2019,tuntable,,16.2,10,452,0,0,0,0,,
27/10/2019,tuntable,,16.2,8,490,0,0,0,0,,
11/12/2019,tuntable,,18.9,12,629,1062.6,0,0,0,4.53,10.65
11/12/2019,tuntable,,18.9,14,690,0,0,0,0,,
11/12/2019,tuntable,,18.9,14,681,0,0,0,0,,
11/12/2019,tuntable,,18.9,15,751,0,0,0,0,,
11/12/2019,tuntable,,18.9,13,625,0,0,0,0,,
11/12/2019,tuntable,,18.9,13,607,0,0,0,0,,
11/12/2019,tuntable,,18.9,15,727,0,0,0,0,,
11/12/2019,tuntable,,18.9,14,642,0,0,0,0,,
11/12/2019,tuntable,,18.9,14,633,0,0,0,0,,
11/12/2019,tuntable,,18.9,13,617,0,0,0,0,,
11/12/2019,tuntable,,18.9,13,696,0,0,0,0,,
11/12/2019,tuntable,,18.9,13,620,0,0,0,0,,
11/12/2019,tuntable,,18.9,14,643,0,0,0,0,,
11/12/2019,tuntable,,18.9,16,748,0,0,0,0,,
11/12/2019,tuntable,,18.9,15,715,11507.3,1,0,0,124.08,40.31
11/12/2019,tuntable,,18.9,14,764,0,0,0,0,,
11/12/2019,tuntable,,18.9,14,649,0,0,0,0,,
11/12/2019,tuntable,,18.9,14,683,0,0,0,0,,
11/12/2019,tuntable,,18.9,14,777,0,0,0,0,,
11/12/2019,tuntable,,18.9,13,617,0,0,0,0,,
11/12/2019,tuntable,,18.9,17,758,0,0,0,0,,
11/12/2019,tuntable,,18.9,17,857,0,0,0,0,,
11/12/2019,tuntable,,18.9,16,755,0,0,0,0,,
22/1/2020,tuntable,,19.4,17,805,11685.8,0,0,0,91.2,75.74
22/1/2020,tuntable,,19.4,15,680,65674.7,0,2,0,647.8,290.41
22/1/2020,tuntable,,19.4,19,952,131.6,0,0,0,0.94,
22/1/2020,tuntable,,19.4,20,899,0,0,0,0,,
22/1/2020,tuntable,,19.4,18,783,23120.3,0,0,0,248.12,82.17
22/1/2020,tuntable,,19.4,16,782,0,0,0,0,,
22/1/2020,tuntable,,19.4,20,801,30370.9,4,0,0,228.19,205.68
22/1/2020,tuntable,,19.4,20,906,5290.6,2,0,0,48.44,27.14
22/1/2020,tuntable,,19.4,18,775,17313.8,4,1,0,104.93,142.41
22/1/2020,tuntable,,19.4,15,640,0,0,0,0,,
22/1/2020,tuntable,,19.4,17,722,0,0,0,0,,
22/1/2020,tuntable,,19.4,18,768,0,0,0,0,,
22/1/2020,tuntable,,19.4,17,838,63,0,0,0,0.45,
22/1/2020,tuntable,,19.4,19,831,1803.2,0,1,0,12.88,
22/1/2020,tuntable,,19.4,18,702,0,0,0,0,,
22/1/2020,tuntable,,19.4,18,608,53501.7,0,1,1,443.5,320.81
22/1/2020,tuntable,,19.4,17,679,1810.2,0,1,0,12.51,13.35
22/1/2020,tuntable,,19.4,16,632,0,0,1,0,,
22/1/2020,tuntable,,19.4,20,844,6503.7,4,3,0,50.55,42.36
22/1/2020,tuntable,,19.4,13,598,0,0,0,0,,
22/1/2020,tuntable,,19.4,19,698,0,0,0,0,,
22/1/2020,tuntable,,19.4,20,776,0,0,0,0,,
22/1/2020,tuntable,,19.4,19,822,0,0,0,0,,
22/1/2020,tuntable,,19.4,13,612,25272.8,,,,272.83,88.21
22/1/2020,tuntable,,19.4,22,886,50889.3,4,3,1,432.13,294.86
22/1/2020,tuntable,,19.4,17,657,0,0,0,0,,
22/1/2020,tuntable,,19.4,17,809,0,0,0,0,,
22/1/2020,tuntable,,19.4,15,787,26395.6,3,0,0,233.42,143.66
22/1/2020,tuntable,,19.4,20,897,42124.6,0,0,0,357.33,244.45
22/1/2020,tuntable,,19.4,16,712,0,0,0,0,,
22/1/2020,tuntable,,19.4,17,717,0,0,1,0,,
22/1/2020,tuntable,,19.4,20,874,72.8,0,0,0,0.52,
22/1/2020,tuntable,,19.4,18,755,0,0,0,0,,
22/1/2020,tuntable,,19.4,15,634,0,0,0,0,,
22/1/2020,tuntable,,19.4,18,779,0,0,0,0,,
22/1/2020,tuntable,,19.4,19,734,28949.9,0,0,0,305.27,108.3
22/1/2020,tuntable,,19.4,18,716,4507.3,1,0,0,37.71,26.68
22/1/2020,tuntable,,19.4,18,738,0,0,0,0,,
22/1/2020,tuntable,,19.4,18,788,0,0,0,0,,
22/1/2020,tuntable,,19.4,14,667,25504.5,5,5,5,134.16,230.19
3/3/2020,tuntable,,19.7,13,605,0,0,0,0,,
3/3/2020,tuntable,,19.7,26,862,45321.5,4,3,0,349.81,297.64
3/3/2020,tuntable,,19.7,24,991,2533.3,0,0,0,16.82,19.37
3/3/2020,tuntable,,19.7,23,1007,165.2,0,0,0,,1.18
3/3/2020,tuntable,,19.7,23,939,14242.2,0,0,0,98.88,104.58
3/3/2020,tuntable,,19.7,25,975,60.2,0,0,0,0.43,
3/3/2020,tuntable,,19.7,15,609,5038.6,0,0,0,36.44,35.54
3/3/2020,tuntable,,19.7,18,778,17592.4,4,0,2,86.48,164.84
3/3/2020,tuntable,,19.7,18,782,263.2,0,0,0,,1.88
3/3/2020,tuntable,,19.7,22,723,0,0,0,0,,
3/3/2020,tuntable,,19.7,22,953,0,0,0,0,,
3/3/2020,tuntable,,19.7,18,716,857.5,0,0,0,0.32,11.93
3/3/2020,tuntable,,19.7,21,865,34604.5,3,3,0,300.01,194.34
3/3/2020,tuntable,,19.7,23,911,60958.8,0,2,0,535.78,335.06
3/3/2020,tuntable,,19.7,15,872,29108.8,0,0,0,214.39,201.45
3/3/2020,tuntable,,19.7,18,755,37835.7,0,0,0,300.72,239.79
3/3/2020,tuntable,,19.7,20,777,0,0,0,0,,
3/3/2020,tuntable,,19.7,18,810,73699.5,4,0,0,616.11,436.74
3/3/2020,tuntable,,19.7,21,848,0,0,0,0,,
3/3/2020,tuntable,,19.7,22,833,0,0,0,0,,
3/3/2020,tuntable,,19.7,20,832,217.7,0,0,0,1.15,1.96
3/3/2020,tuntable,,19.7,17,757,4337.2,0,0,0,28.63,33.33
3/3/2020,tuntable,,19.7,21,773,57194.9,0,1,0,580.56,236.51
3/3/2020,tuntable,,19.7,18,771,15411.9,2,1,0,115.9,104.27
3/3/2020,tuntable,,19.7,20,765,0,0,0,0,,
3/3/2020,tuntable,,19.7,20,858,0,0,0,0,,
3/3/2020,tuntable,,19.7,18,705,7384.3,2,3,0,48.98,56.51
3/3/2020,tuntable,,19.7,21,826,14709.1,0,0,0,68.84,141.29
3/3/2020,tuntable,,19.7,18,760,0,0,0,0,,
3/3/2020,tuntable,,19.7,22,858,0,0,0,0,,
3/3/2020,tuntable,,19.7,22,761,1045.8,0,0,0,8.21,6.73
3/3/2020,tuntable,,19.7,18,709,687.4,0,0,0,4.91,
3/3/2020,tuntable,,19.7,19,757,253.4,0,0,0,,1.81
3/3/2020,tuntable,,19.7,18,718,656.6,0,0,0,5.44,3.94
3/3/2020,tuntable,,19.7,20,897,92589.7,0,0,0,657.25,665.46
3/3/2020,tuntable,,19.7,19,709,0,0,0,0,,
3/3/2020,tuntable,,19.7,19,712,0,0,0,0,,
3/3/2020,tuntable,,19.7,20,738,0,0,0,0,,
3/3/2020,tuntable,,19.7,18,716,246.4,0,0,0,1.76,
12/4/2020,tuntable,,17.9,,1320,0,0,0,0,,
12/4/2020,tuntable,,17.9,,925,29376.9,4,0,0,246.04,173.63
12/4/2020,tuntable,,17.9,,426,0,0,0,0,,
12/4/2020,tuntable,,17.9,,727,8017.8,4,0,0,78.11,36.43
12/4/2020,tuntable,,17.9,,653,32323.2,4,2,2,358.46,103.3
12/4/2020,tuntable,,17.9,,420,0,0,0,0,,
12/4/2020,tuntable,,17.9,,842,14790.3,4,2,2,154.31,56.98
12/4/2020,tuntable,,17.9,,415,0,0,0,0,,
12/4/2020,tuntable,,17.9,,387,0,0,0,0,,
12/4/2020,tuntable,,17.9,,823,38705.1,4,2,0,362.32,190.61
12/4/2020,tuntable,,17.9,,456,0,0,0,0,,
12/4/2020,tuntable,,17.9,,806,4648.7,3,0,0,37.7,28.71
12/4/2020,tuntable,,17.9,,373,0,0,0,0,,
12/4/2020,tuntable,,17.9,,786,7821.8,4,2,2,73.72,38.02
12/4/2020,tuntable,,17.9,,907,66071.6,4,2,2,816.8,127.08
12/4/2020,tuntable,,17.9,,1082,14732.9,5,4,3,153.66,56.81
12/4/2020,tuntable,,17.9,,853,5984.3,4,1,0,63.26,22.23
12/4/2020,tuntable,,17.9,,1087,50401.4,0,1,2,426.82,293.2
12/4/2020,tuntable,,17.9,,676,17860.5,4,1,2,163.85,91.3
12/4/2020,tuntable,,17.9,,429,0,0,0,0,,
12/4/2020,tuntable,,17.9,,1033,43550.5,0,0,0,516.7,105.45
12/4/2020,tuntable,,17.9,,422,980,0,0,0,7,
12/4/2020,tuntable,,17.9,,547,0,0,0,0,,
12/4/2020,tuntable,,17.9,,432,0,0,0,0,,
12/4/2020,tuntable,,17.9,,495,0,0,0,0,,
12/4/2020,tuntable,,17.9,,443,0,0,0,0,,
12/4/2020,tuntable,,17.9,,530,17805.2,0,0,0,209.64,44.72
12/4/2020,tuntable,,17.9,,404,0,,,,,
12/4/2020,tuntable,,17.9,,357,0,0,0,0,,
12/4/2020,tuntable,,17.9,,480,18085.9,0,0,0,203.9,54.47
12/4/2020,tuntable,,17.9,,870,25475.8,0,0,0,272.07,91.87
12/4/2020,tuntable,,17.9,,863,44133.6,5,2,2,403.79,226.69
12/4/2020,tuntable,,17.9,,929,88893,1,0,0,861.71,408.19
12/4/2020,tuntable,,17.9,,820,26653.2,1,3,0,277.24,103.52
12/4/2020,tuntable,,17.9,,854,41139,4,3,2,368.55,219.15
12/4/2020,tuntable,,17.9,,911,37805.6,0,2,0,375.36,164.72
12/4/2020,tuntable,,17.9,,843,30265.9,5,3,0,346.4,85.97
12/4/2020,tuntable,,17.9,,807,63434,4,3,1,720.54,185.66
12/4/2020,tuntable,,17.9,,666,27887.3,5,4,2,372.03,26.36
12/4/2020,tuntable,,17.9,,849,138166,3,1,0,1312.52,661.28
24/5/2020,tuntable,,13.9,,,6181.7,,,,67.77,20.54
24/5/2020,tuntable,,13.9,,,8887.9,,,,100.6,26.37
24/5/2020,tuntable,,13.9,,,13827.8,,,,138.19,59.35
24/5/2020,tuntable,,13.9,,,0,,,,,
24/5/2020,tuntable,,13.9,,,11515,,,,97.57,66.93
24/5/2020,tuntable,,13.9,,,0,,,,,
24/5/2020,tuntable,,13.9,,,1166.9,,,,7.25,9.42
24/5/2020,tuntable,,13.9,,,42318.5,,,,515.42,89.13
24/5/2020,tuntable,,13.9,,,1834.7,,,,13.25,12.96
24/5/2020,tuntable,,13.9,,,0,,,,,
24/5/2020,tuntable,,13.9,,,10469.2,,,,105.4,44.16
24/5/2020,tuntable,,13.9,,,35956.2,,,,402.27,111.39
24/5/2020,tuntable,,13.9,,,6111,,,,61.07,26.23
24/5/2020,tuntable,,13.9,,,8932,,,,83.98,43.62
24/5/2020,tuntable,,13.9,,,283.5,,,,1.88,2.17
24/5/2020,tuntable,,13.9,,,0,,,,,
24/5/2020,tuntable,,13.9,,,17990.7,,,,175.16,81.85
24/5/2020,tuntable,,13.9,,,0,,,,,
24/5/2020,tuntable,,13.9,,,30758.7,,,,302.87,136.54
24/5/2020,tuntable,,13.9,,,735,,,,5.25,
24/5/2020,tuntable,,13.9,,,0,,,,,
24/5/2020,tuntable,,13.9,,,142585.8,,,,1548.2,488.74
24/5/2020,tuntable,,13.9,,,0,,,,,
24/5/2020,tuntable,,13.9,,,0,,,,,
24/5/2020,tuntable,,13.9,,,10498.6,,,,97.13,52.85
24/5/2020,tuntable,,13.9,,,18629.1,,,,110.83,155.3
24/5/2020,tuntable,,13.9,,,0,,,,,
24/5/2020,tuntable,,13.9,,,13673.1,,,,42.32,153.01
24/5/2020,tuntable,,13.9,,,0,,,,,
24/5/2020,tuntable,,13.9,,,17400.6,,,,150.21,98.37
24/5/2020,tuntable,,13.9,,,6022.1,,,,39.6,46.43
24/5/2020,tuntable,,13.9,,,8885.8,,,,82.73,44.21
24/5/2020,tuntable,,13.9,,,62416.9,,,,689.66,202.01
24/5/2020,tuntable,,13.9,,,46218.2,,,,488.02,172.24
24/5/2020,tuntable,,13.9,,,4960.2,,,,44.81,26.05
24/5/2020,tuntable,,13.9,,,0,,,,,
24/5/2020,tuntable,,13.9,,,53933.6,,,,439.63,330.85
24/5/2020,tuntable,,13.9,,,2596.3,,,,19.13,17.96
24/5/2020,tuntable,,13.9,,,2937.9,,,,27.42,14.55
24/5/2020,tuntable,,13.9,,,142546.6,,,,953.56,1082.82
7/7/2020,tuntable,,11.4,,,3471.3,,,,18.98,30.61
7/7/2020,tuntable,,11.4,,,0,,,,,
7/7/2020,tuntable,,11.4,,,12054.7,,,,35.74,136.47
7/7/2020,tuntable,,11.4,,,11483.5,,,,74.34,89.71
7/7/2020,tuntable,,11.4,,,0,,,,,
7/7/2020,tuntable,,11.4,,,18178.3,,,,199.42,60.27
7/7/2020,tuntable,,11.4,,,9141.3,,,,25.94,104.65
7/7/2020,tuntable,,11.4,,,7739.2,,,,53.1,57.46
7/7/2020,tuntable,,11.4,,,0,,,,,
7/7/2020,tuntable,,11.4,,,13827.8,,,,99.49,98.05
7/7/2020,tuntable,,11.4,,,0,,,,,
7/7/2020,tuntable,,11.4,,,0,,,,,
7/7/2020,tuntable,,11.4,,,5278.7,,,,59.68,15.73
7/7/2020,tuntable,,11.4,,,1830.5,,,,4.19,21.96
7/7/2020,tuntable,,11.4,,,2896.6,,,,17.43,23.95
7/7/2020,tuntable,,11.4,,,2664.9,,,,12.69,25.38
7/7/2020,tuntable,,11.4,,,14947.8,,,,91.35,122.19
7/7/2020,tuntable,,11.4,,,1954.4,,,,15.86,12.06
7/7/2020,tuntable,,11.4,,,1569.4,,,,15.13,7.29
7/7/2020,tuntable,,11.4,,,2878.4,,,,17.23,23.89
7/7/2020,tuntable,,11.4,,,4345.6,,,,24.18,37.9
7/7/2020,tuntable,,11.4,,,1852.9,,,,8.93,17.54
7/7/2020,tuntable,,11.4,,,6241.2,,,,63.27,25.89
7/7/2020,tuntable,,11.4,,,20461,,,,200.06,92.24
7/7/2020,tuntable,,11.4,,,10549.7,,,,80.66,70.05
7/7/2020,tuntable,,11.4,,,625.8,,,,5.01,3.93
7/7/2020,tuntable,,11.4,,,1619.1,,,,9.46,13.67
7/7/2020,tuntable,,11.4,,,1488.2,,,,13.86,7.4
7/7/2020,tuntable,,11.4,,,24831.8,,,,174.43,180.31
7/7/2020,tuntable,,11.4,,,3823.4,,,,17.7,36.92
7/7/2020,tuntable,,11.4,,,632.8,,,,3.36,5.68
7/7/2020,tuntable,,11.4,,,61573.4,,,,610.17,269.45
7/7/2020,tuntable,,11.4,,,2944.2,,,,17.38,24.68
7/7/2020,tuntable,,11.4,,,13484.8,,,,114.54,78.1
7/7/2020,tuntable,,11.4,,,337.4,,,,,2.41
7/7/2020,tuntable,,11.4,,,6529.6,,,,55.1,38.18
7/7/2020,tuntable,,11.4,,,647.5,,,,1.97,7.28
7/7/2020,tuntable,,11.4,,,3563.7,,,,12.35,38.56
7/7/2020,tuntable,,11.4,,,4727.8,,,,35.65,31.89
7/7/2020,tuntable,,11.4,,,3663.1,,,,25.55,26.78
7/7/2020,tuntable,,11.4,,,3964.1,,,,20.4,36.23
17/8/2020,tuntable,,11.6,,,2028,,,,10.14,2028
17/8/2020,tuntable,,11.6,,,8978,,,,44.89,8978
17/8/2020,tuntable,,11.6,,,8774,,,,43.87,8774
17/8/2020,tuntable,,11.6,,,0,,,,,
17/8/2020,tuntable,,11.6,,,3282,,,,16.41,3282
17/8/2020,tuntable,,11.6,,,0,,,,,
17/8/2020,tuntable,,11.6,,,1212,,,,6.06,1212
17/8/2020,tuntable,,11.6,,,2086,,,,10.43,2086
17/8/2020,tuntable,,11.6,,,11342,,,,56.71,11342
17/8/2020,tuntable,,11.6,,,8156,,,,40.78,8156
17/8/2020,tuntable,,11.6,,,4738,,,,23.69,4738
17/8/2020,tuntable,,11.6,,,12504,,,,62.52,12504
17/8/2020,tuntable,,11.6,,,834,,,,4.17,834
17/8/2020,tuntable,,11.6,,,0,,,,,
17/8/2020,tuntable,,11.6,,,0,,,,,
17/8/2020,tuntable,,11.6,,,25572,,,,127.86,25572
17/8/2020,tuntable,,11.6,,,4106,,,,20.53,4106
17/8/2020,tuntable,,11.6,,,12302,,,,61.51,12302
17/8/2020,tuntable,,11.6,,,626,,,,3.13,626
17/8/2020,tuntable,,11.6,,,10630,,,,53.15,10630
17/8/2020,tuntable,,11.6,,,12598,,,,62.99,12598
17/8/2020,tuntable,,11.6,,,222,,,,1.11,222
17/8/2020,tuntable,,11.6,,,3704,,,,18.52,3704
17/8/2020,tuntable,,11.6,,,0,,,,,
17/8/2020,tuntable,,11.6,,,24990,,,,124.95,24990
17/8/2020,tuntable,,11.6,,,9756,,,,48.78,9756
17/8/2020,tuntable,,11.6,,,2108,,,,10.54,2108
17/8/2020,tuntable,,11.6,,,23442,,,,117.21,23442
17/8/2020,tuntable,,11.6,,,10786,,,,53.93,10786
17/8/2020,tuntable,,11.6,,,0,,,,,
17/8/2020,tuntable,,11.6,,,18532,,,,92.66,18532
17/8/2020,tuntable,,11.6,,,4040,,,,20.2,4040
17/8/2020,tuntable,,11.6,,,22392,,,,111.96,22392
17/8/2020,tuntable,,11.6,,,17470,,,,87.35,17470
17/8/2020,tuntable,,11.6,,,71522,,,,357.61,71522
17/8/2020,tuntable,,11.6,,,0,,,,,
17/8/2020,tuntable,,11.6,,,8090,,,,40.45,8090
17/8/2020,tuntable,,11.6,,,7452,,,,37.26,7452
17/8/2020,tuntable,,11.6,,,29020,,,,145.1,29020
17/8/2020,tuntable,,11.6,,,7096,,,,35.48,7096
29/9/2020,tuntable,,13.6,,,92225.7,,,,537.3,780.21
29/9/2020,tuntable,,13.6,,,435.4,,,,3.11,
29/9/2020,tuntable,,13.6,,,55349,,,,595.69,195.01
29/9/2020,tuntable,,13.6,,,0,,,,,
29/9/2020,tuntable,,13.6,,,0,,,,,
29/9/2020,tuntable,,13.6,,,2016,,,,23.17,5.63
29/9/2020,tuntable,,13.6,,,3080,,,,23.94,20.06
29/9/2020,tuntable,,13.6,,,16842.7,,,,127.22,113.39
29/9/2020,tuntable,,13.6,,,12550.3,,,,108.92,70.37
29/9/2020,tuntable,,13.6,,,9050.3,,,,64.78,64.51
29/9/2020,tuntable,,13.6,,,0,,,,,
29/9/2020,tuntable,,13.6,,,0,,,,,
29/9/2020,tuntable,,13.6,,,1813.7,,,,4.29,21.62
29/9/2020,tuntable,,13.6,,,2877,,,,17.1,24
29/9/2020,tuntable,,13.6,,,284.9,,,,1.28,2.79
29/9/2020,tuntable,,13.6,,,0,,,,,
29/9/2020,tuntable,,13.6,,,0,,,,,
29/9/2020,tuntable,,13.6,,,966,,,,5.7,8.1
29/9/2020,tuntable,,13.6,,,16143.4,,,,108.27,122.35
29/9/2020,tuntable,,13.6,,,3105.2,,,,17.29,27.07
29/9/2020,tuntable,,13.6,,,359.1,,,,2.31,2.82
29/9/2020,tuntable,,13.6,,,5049.1,,,,33.92,38.21
29/9/2020,tuntable,,13.6,,,374.5,,,,3.77,1.58
29/9/2020,tuntable,,13.6,,,0,,,,,
29/9/2020,tuntable,,13.6,,,40310.9,,,,375.35,200.52
29/9/2020,tuntable,,13.6,,,0,,,,,
29/9/2020,tuntable,,13.6,,,0,,,,,
29/9/2020,tuntable,,13.6,,,16796.5,,,,78.44,161.51
29/9/2020,tuntable,,13.6,,,520.8,,,,4.66,2.78
29/9/2020,tuntable,,13.6,,,652.4,,,,,
7/11/2020,tuntable,,16.6,,,68754.7,,,,706.1,276.11
7/11/2020,tuntable,,16.6,,,11320.4,,,,83.67,78.05
7/11/2020,tuntable,,16.6,,,15367.1,,,,133.53,86
7/11/2020,tuntable,,16.6,,,10556.7,,,,93.59,57.22
7/11/2020,tuntable,,16.6,,,55279.7,,,,498.93,290.78
7/11/2020,tuntable,,16.6,,,21487.2,,,,117.16,189.8
7/11/2020,tuntable,,16.6,,,17864.7,,,,155.93,99.28
7/11/2020,tuntable,,16.6,,,33437.6,,,,321.29,156.39
7/11/2020,tuntable,,16.6,,,22137.5,,,,186.49,129.76
7/11/2020,tuntable,,16.6,,,8981.7,,,,76.33,51.98
7/11/2020,tuntable,,16.6,,,0,,,,,
7/11/2020,tuntable,,16.6,,,0,,,,,
7/11/2020,tuntable,,16.6,,,0,,,,,
7/11/2020,tuntable,,16.6,,,16871.4,,,,125.09,115.93
7/11/2020,tuntable,,16.6,,,3876.6,,,,36.28,19.1
7/11/2020,tuntable,,16.6,,,6233.5,,,,48.13,40.92
7/11/2020,tuntable,,16.6,,,14688.1,,,,141.63,68.2
7/11/2020,tuntable,,16.6,,,20391,,,,165.4,125.9
7/11/2020,tuntable,,16.6,,,1454.6,,,,8.71,12.07
7/11/2020,tuntable,,16.6,,,13779.5,,,,125.01,71.84
7/11/2020,tuntable,,16.6,,,5721.1,,,,36.53,45.2
7/11/2020,tuntable,,16.6,,,1479.8,,,,9.9,11.24
7/11/2020,tuntable,,16.6,,,6956.6,,,,59.31,40.07
7/11/2020,tuntable,,16.6,,,36497.3,,,,295.02,226.37
7/11/2020,tuntable,,16.6,,,4246.2,,,,38.64,22.02
7/11/2020,tuntable,,16.6,,,27647.9,,,,227.77,167.2
7/11/2020,tuntable,,16.6,,,11109.7,,,,93.24,65.47
7/11/2020,tuntable,,16.6,,,0,,,,,
7/11/2020,tuntable,,16.6,,,22260,,,,170.3,147.7
7/11/2020,tuntable,,16.6,,,0,,,,,
7/11/2020,tuntable,,16.6,,,0,,,,,
29/12/2020,tuntable,,19.7,,,30618,,,,206.53,230.87
29/12/2020,tuntable,,19.7,,,10320.1,,,,82.21,65.22
29/12/2020,tuntable,,19.7,,,21854,,,,108.74,203.46
29/12/2020,tuntable,,19.7,,,10630.2,,,,80.18,71.68
29/12/2020,tuntable,,19.7,,,154053.2,,,,1344.77,855.99
29/12/2020,tuntable,,19.7,,,4666.9,,,,29.57,37.1
29/12/2020,tuntable,,19.7,,,26605.6,,,,116.2,263.88
29/12/2020,tuntable,,19.7,,,7196,,,,63.33,39.47
29/12/2020,tuntable,,19.7,,,0,,,,,
29/12/2020,tuntable,,19.7,,,0,,,,,
29/12/2020,tuntable,,19.7,,,0,,,,,
29/12/2020,tuntable,,19.7,,,28399.7,,,,217.93,187.78
29/12/2020,tuntable,,19.7,,,0,,,,,
29/12/2020,tuntable,,19.7,,,0,,,,,
29/12/2020,tuntable,,19.7,,,8195.6,,,,60.16,56.92
29/12/2020,tuntable,,19.7,,,0,,,,,
29/12/2020,tuntable,,19.7,,,0,,,,,
29/12/2020,tuntable,,19.7,,,0,,,,,
29/12/2020,tuntable,,19.7,,,36608.6,,,,449.97,73.01
29/12/2020,tuntable,,19.7,,,3077.2,,,,21.6,22.36
29/12/2020,tuntable,,19.7,,,0,,,,,
29/12/2020,tuntable,,19.7,,,0,,,,,
29/12/2020,tuntable,,19.7,,,0,,,,,
29/12/2020,tuntable,,19.7,,,5272.4,,,,46.83,28.49
29/12/2020,tuntable,,19.7,,,0,,,,,
29/12/2020,tuntable,,19.7,,,0,,,,,
29/12/2020,tuntable,,19.7,,,0,,,,,
29/12/2020,tuntable,,19.7,,,0,,,,,
29/12/2020,tuntable,,19.7,,,7733.6,,,,74.23,36.25
29/12/2020,tuntable,,19.7,,,0,,,,,
29/12/2020,tuntable,,19.7,,,0,,,,,
29/12/2020,tuntable,,19.7,,,0,,,,,
29/12/2020,tuntable,,19.7,,,0,,,,,
29/12/2020,tuntable,,19.7,,,0,,,,,
29/12/2020,tuntable,,19.7,,,0,,,,,
29/12/2020,tuntable,,19.7,,,23201.5,,,,247.03,84.42
29/12/2020,tuntable,,19.7,,,2450,,,,26.85,8.15
29/12/2020,tuntable,,19.7,,,0,,,,,
29/12/2020,tuntable,,19.7,,,0,,,,,
29/12/2020,tuntable,,19.7,,,0,,,,,
3/2/2021,tuntable,,19.6,,,27694.1,,,,278.34,117.29
3/2/2021,tuntable,,19.6,,,35854,,,,185.82,326.38
3/2/2021,tuntable,,19.6,,,21564.9,,,,148.29,159.78
3/2/2021,tuntable,,19.6,,,0,,,,,
3/2/2021,tuntable,,19.6,,,16914.1,,,,97.46,144.17
3/2/2021,tuntable,,19.6,,,249804.8,,,,1864.1,1704.54
3/2/2021,tuntable,,19.6,,,62469.4,,,,491.05,401.37
3/2/2021,tuntable,,19.6,,,0,,,,,
3/2/2021,tuntable,,19.6,,,30700.6,,,,255.12,183.46
3/2/2021,tuntable,,19.6,,,0,,,,,
3/2/2021,tuntable,,19.6,,,0,,,,,
3/2/2021,tuntable,,19.6,,,0,,,,,
3/2/2021,tuntable,,19.6,,,0,,,,,
3/2/2021,tuntable,,19.6,,,0,,,,,
3/2/2021,tuntable,,19.6,,,32089.4,,,,299.41,159.01
3/2/2021,tuntable,,19.6,,,27253.8,,,,275.19,114.15
3/2/2021,tuntable,,19.6,,,16468.9,,,,159.59,75.68
3/2/2021,tuntable,,19.6,,,51724.4,,,,622.42,116.5